OrderID,Quantity,ProductId,Gross_price,Amount,revenue,profit
B-25601,7,100,900,1000,7000,700
B-25601,5,101,1350,1500,7500,750
B-25601,3,101,1350,1500,4500,450
B-25601,4,102,1000,1300,5200,1200
B-25602,2,102,1000,1300,2600,600
B-25602,5,102,1000,1300,6500,1500
B-25602,4,102,1000,1300,5200,1200
B-25602,3,101,1350,1500,4500,450
B-25602,8,101,1350,1500,12000,1200
B-25603,5,101,1350,1500,7500,750
B-25603,1,100,900,1000,1000,100
B-25603,3,101,1350,1500,4500,450
B-25603,3,101,1350,1500,4500,450
B-25603,4,101,1350,1500,6000,600
B-25603,6,101,1350,1500,9000,900
B-25603,2,101,1350,1500,3000,300
B-25603,1,101,1350,1500,1500,150
B-25604,2,101,1350,1500,3000,300
B-25604,9,101,1350,1500,13500,1350
B-25605,7,101,1350,1500,10500,1050
B-25606,2,101,1350,1500,3000,300
B-25607,4,101,1350,1500,6000,600
B-25608,5,100,900,1000,5000,500
B-25608,3,100,900,1000,3000,300
B-25608,5,101,1350,1500,7500,750
B-25608,6,102,1000,1300,7800,1800
B-25609,4,102,1000,1300,5200,1200
B-25609,4,101,1350,1500,6000,600
B-25610,4,102,1000,1300,5200,1200
B-25610,4,101,1350,1500,6000,600
B-25610,5,102,1000,1300,6500,1500
B-25610,6,102,1000,1300,7800,1800
B-25610,3,101,1350,1500,4500,450
B-25610,2,100,900,1000,2000,200
B-25611,2,101,1350,1500,3000,300
B-25612,2,100,900,1000,2000,200
B-25613,9,101,1350,1500,13500,1350
B-25614,4,100,900,1000,4000,400
B-25614,2,102,1000,1300,2600,600
B-25615,5,101,1350,1500,7500,750
B-25616,5,101,1350,1500,7500,750
B-25616,5,101,1350,1500,7500,750
B-25616,3,101,1350,1500,4500,450
B-25616,3,101,1350,1500,4500,450
B-25617,5,102,1000,1300,6500,1500
B-25618,1,100,900,1000,1000,100
B-25618,2,101,1350,1500,3000,300
B-25619,8,101,1350,1500,12000,1200
B-25620,1,102,1000,1300,1300,300
B-25621,5,102,1000,1300,6500,1500
B-25621,3,102,1000,1300,3900,900
B-25621,3,102,1000,1300,3900,900
B-25622,3,101,1350,1500,4500,450
B-25623,4,101,1350,1500,6000,600
B-25623,3,101,1350,1500,4500,450
B-25623,4,101,1350,1500,6000,600
B-25623,2,101,1350,1500,3000,300
B-25624,3,101,1350,1500,4500,450
B-25625,2,101,1350,1500,3000,300
B-25625,3,101,1350,1500,4500,450
B-25625,5,101,1350,1500,7500,750
B-25626,1,102,1000,1300,1300,300
B-25626,3,100,900,1000,3000,300
B-25627,4,101,1350,1500,6000,600
B-25628,4,101,1350,1500,6000,600
B-25628,4,101,1350,1500,6000,600
B-25628,2,100,900,1000,2000,200
B-25629,3,101,1350,1500,4500,450
B-25630,5,101,1350,1500,7500,750
B-25630,5,101,1350,1500,7500,750
B-25630,2,102,1000,1300,2600,600
B-25630,3,101,1350,1500,4500,450
B-25630,4,101,1350,1500,6000,600
B-25630,2,101,1350,1500,3000,300
B-25631,2,100,900,1000,2000,200
B-25632,2,101,1350,1500,3000,300
B-25633,4,102,1000,1300,5200,1200
B-25633,4,101,1350,1500,6000,600
B-25633,2,101,1350,1500,3000,300
B-25634,3,100,900,1000,3000,300
B-25635,3,101,1350,1500,4500,450
B-25635,2,101,1350,1500,3000,300
B-25635,3,101,1350,1500,4500,450
B-25636,5,101,1350,1500,7500,750
B-25637,3,101,1350,1500,4500,450
B-25638,3,100,900,1000,3000,300
B-25638,8,100,900,1000,8000,800
B-25638,3,101,1350,1500,4500,450
B-25638,3,102,1000,1300,3900,900
B-25639,3,102,1000,1300,3900,900
B-25640,2,101,1350,1500,3000,300
B-25640,13,101,1350,1500,19500,1950
B-25640,4,101,1350,1500,6000,600
B-25641,1,100,900,1000,1000,100
B-25642,11,101,1350,1500,16500,1650
B-25643,8,100,900,1000,8000,800
B-25643,2,101,1350,1500,3000,300
B-25643,4,101,1350,1500,6000,600
B-25643,2,102,1000,1300,2600,600
B-25643,1,102,1000,1300,1300,300
B-25644,8,100,900,1000,8000,800
B-25645,4,102,1000,1300,5200,1200
B-25645,4,101,1350,1500,6000,600
B-25645,1,102,1000,1300,1300,300
B-25645,5,102,1000,1300,6500,1500
B-25646,2,101,1350,1500,3000,300
B-25647,4,101,1350,1500,6000,600
B-25648,1,102,1000,1300,1300,300
B-25648,1,101,1350,1500,1500,150
B-25648,4,101,1350,1500,6000,600
B-25648,4,101,1350,1500,6000,600
B-25649,2,101,1350,1500,3000,300
B-25650,2,102,1000,1300,2600,600
B-25650,2,101,1350,1500,3000,300
B-25650,2,101,1350,1500,3000,300
B-25650,2,101,1350,1500,3000,300
B-25650,5,101,1350,1500,7500,750
B-25650,5,102,1000,1300,6500,1500
B-25650,2,101,1350,1500,3000,300
B-25650,8,102,1000,1300,10400,2400
B-25650,3,101,1350,1500,4500,450
B-25651,4,100,900,1000,4000,400
B-25651,3,101,1350,1500,4500,450
B-25651,1,101,1350,1500,1500,150
B-25651,2,101,1350,1500,3000,300
B-25651,2,101,1350,1500,3000,300
B-25651,3,100,900,1000,3000,300
B-25651,1,101,1350,1500,1500,150
B-25651,7,100,900,1000,7000,700
B-25651,1,101,1350,1500,1500,150
B-25651,4,101,1350,1500,6000,600
B-25652,7,101,1350,1500,10500,1050
B-25652,5,101,1350,1500,7500,750
B-25652,3,102,1000,1300,3900,900
B-25652,3,101,1350,1500,4500,450
B-25652,3,101,1350,1500,4500,450
B-25652,4,101,1350,1500,6000,600
B-25652,2,101,1350,1500,3000,300
B-25653,8,102,1000,1300,10400,2400
B-25653,2,101,1350,1500,3000,300
B-25653,7,102,1000,1300,9100,2100
B-25653,3,102,1000,1300,3900,900
B-25653,8,100,900,1000,8000,800
B-25653,5,102,1000,1300,6500,1500
B-25653,1,102,1000,1300,1300,300
B-25653,3,102,1000,1300,3900,900
B-25653,8,102,1000,1300,10400,2400
B-25654,3,101,1350,1500,4500,450
B-25654,2,101,1350,1500,3000,300
B-25654,3,101,1350,1500,4500,450
B-25654,2,102,1000,1300,2600,600
B-25654,3,100,900,1000,3000,300
B-25654,2,101,1350,1500,3000,300
B-25654,3,102,1000,1300,3900,900
B-25654,3,100,900,1000,3000,300
B-25655,3,101,1350,1500,4500,450
B-25655,3,101,1350,1500,4500,450
B-25655,9,101,1350,1500,13500,1350
B-25655,2,101,1350,1500,3000,300
B-25655,4,101,1350,1500,6000,600
B-25655,7,100,900,1000,7000,700
B-25655,2,101,1350,1500,3000,300
B-25655,1,101,1350,1500,1500,150
B-25655,8,101,1350,1500,12000,1200
B-25656,3,101,1350,1500,4500,450
B-25656,5,101,1350,1500,7500,750
B-25656,2,101,1350,1500,3000,300
B-25656,1,101,1350,1500,1500,150
B-25656,2,101,1350,1500,3000,300
B-25656,2,101,1350,1500,3000,300
B-25656,2,101,1350,1500,3000,300
B-25656,2,102,1000,1300,2600,600
B-25656,9,101,1350,1500,13500,1350
B-25656,7,101,1350,1500,10500,1050
B-25656,5,102,1000,1300,6500,1500
B-25656,3,101,1350,1500,4500,450
B-25657,4,102,1000,1300,5200,1200
B-25657,5,101,1350,1500,7500,750
B-25657,6,102,1000,1300,7800,1800
B-25657,4,100,900,1000,4000,400
B-25658,2,101,1350,1500,3000,300
B-25659,7,101,1350,1500,10500,1050
B-25660,3,101,1350,1500,4500,450
B-25661,3,101,1350,1500,4500,450
B-25661,3,100,900,1000,3000,300
B-25661,2,100,900,1000,2000,200
B-25661,5,100,900,1000,5000,500
B-25661,2,100,900,1000,2000,200
B-25661,2,101,1350,1500,3000,300
B-25662,2,101,1350,1500,3000,300
B-25662,1,102,1000,1300,1300,300
B-25662,11,100,900,1000,11000,1100
B-25663,2,102,1000,1300,2600,600
B-25664,4,102,1000,1300,5200,1200
B-25664,2,102,1000,1300,2600,600
B-25664,2,102,1000,1300,2600,600
B-25664,1,100,900,1000,1000,100
B-25665,4,102,1000,1300,5200,1200
B-25666,7,102,1000,1300,9100,2100
B-25667,4,101,1350,1500,6000,600
B-25667,5,101,1350,1500,7500,750
B-25667,3,101,1350,1500,4500,450
B-25667,8,102,1000,1300,10400,2400
B-25667,4,100,900,1000,4000,400
B-25668,3,100,900,1000,3000,300
B-25669,2,100,900,1000,2000,200
B-25670,3,101,1350,1500,4500,450
B-25670,2,101,1350,1500,3000,300
B-25670,1,101,1350,1500,1500,150
B-25670,2,100,900,1000,2000,200
B-25671,3,101,1350,1500,4500,450
B-25672,1,101,1350,1500,1500,150
B-25673,5,101,1350,1500,7500,750
B-25673,5,101,1350,1500,7500,750
B-25673,4,101,1350,1500,6000,600
B-25673,1,101,1350,1500,1500,150
B-25673,3,101,1350,1500,4500,450
B-25674,5,101,1350,1500,7500,750
B-25675,9,101,1350,1500,13500,1350
B-25676,4,102,1000,1300,5200,1200
B-25676,5,101,1350,1500,7500,750
B-25676,2,100,900,1000,2000,200
B-25676,3,101,1350,1500,4500,450
B-25676,4,101,1350,1500,6000,600
B-25677,1,102,1000,1300,1300,300
B-25678,3,101,1350,1500,4500,450
B-25678,2,101,1350,1500,3000,300
B-25678,1,102,1000,1300,1300,300
B-25678,2,101,1350,1500,3000,300
B-25679,1,101,1350,1500,1500,150
B-25680,3,101,1350,1500,4500,450
B-25681,3,102,1000,1300,3900,900
B-25681,7,101,1350,1500,10500,1050
B-25681,1,101,1350,1500,1500,150
B-25681,2,100,900,1000,2000,200
B-25681,3,102,1000,1300,3900,900
B-25681,7,102,1000,1300,9100,2100
B-25682,11,102,1000,1300,14300,3300
B-25683,3,102,1000,1300,3900,900
B-25683,4,102,1000,1300,5200,1200
B-25683,3,100,900,1000,3000,300
B-25683,5,101,1350,1500,7500,750
B-25683,6,101,1350,1500,9000,900
B-25684,2,100,900,1000,2000,200
B-25685,2,100,900,1000,2000,200
B-25685,3,102,1000,1300,3900,900
B-25685,3,100,900,1000,3000,300
B-25685,4,101,1350,1500,6000,600
B-25686,2,101,1350,1500,3000,300
B-25686,3,102,1000,1300,3900,900
B-25686,6,100,900,1000,6000,600
B-25687,1,101,1350,1500,1500,150
B-25687,2,101,1350,1500,3000,300
B-25687,3,101,1350,1500,4500,450
B-25687,5,101,1350,1500,7500,750
B-25687,4,101,1350,1500,6000,600
B-25688,5,101,1350,1500,7500,750
B-25689,3,102,1000,1300,3900,900
B-25689,2,101,1350,1500,3000,300
B-25689,3,101,1350,1500,4500,450
B-25690,3,101,1350,1500,4500,450
B-25691,4,101,1350,1500,6000,600
B-25691,3,101,1350,1500,4500,450
B-25691,3,101,1350,1500,4500,450
B-25692,7,100,900,1000,7000,700
B-25693,9,101,1350,1500,13500,1350
B-25693,6,101,1350,1500,9000,900
B-25693,6,101,1350,1500,9000,900
B-25693,1,102,1000,1300,1300,300
B-25693,5,101,1350,1500,7500,750
B-25693,1,102,1000,1300,1300,300
B-25693,2,101,1350,1500,3000,300
B-25694,7,101,1350,1500,10500,1050
B-25695,9,101,1350,1500,13500,1350
B-25696,3,102,1000,1300,3900,900
B-25696,1,101,1350,1500,1500,150
B-25696,3,102,1000,1300,3900,900
B-25696,4,101,1350,1500,6000,600
B-25696,3,101,1350,1500,4500,450
B-25696,3,101,1350,1500,4500,450
B-25697,3,102,1000,1300,3900,900
B-25697,8,102,1000,1300,10400,2400
B-25697,1,101,1350,1500,1500,150
B-25697,1,102,1000,1300,1300,300
B-25697,3,101,1350,1500,4500,450
B-25697,5,102,1000,1300,6500,1500
B-25697,3,101,1350,1500,4500,450
B-25698,5,101,1350,1500,7500,750
B-25698,4,101,1350,1500,6000,600
B-25698,3,101,1350,1500,4500,450
B-25698,8,100,900,1000,8000,800
B-25698,1,101,1350,1500,1500,150
B-25698,2,102,1000,1300,2600,600
B-25699,1,100,900,1000,1000,100
B-25699,2,101,1350,1500,3000,300
B-25699,5,101,1350,1500,7500,750
B-25699,1,102,1000,1300,1300,300
B-25700,5,101,1350,1500,7500,750
B-25700,3,101,1350,1500,4500,450
B-25700,2,101,1350,1500,3000,300
B-25701,2,101,1350,1500,3000,300
B-25701,3,101,1350,1500,4500,450
B-25701,2,100,900,1000,2000,200
B-25701,5,101,1350,1500,7500,750
B-25702,3,101,1350,1500,4500,450
B-25702,9,100,900,1000,9000,900
B-25702,4,101,1350,1500,6000,600
B-25702,3,100,900,1000,3000,300
B-25702,3,101,1350,1500,4500,450
B-25703,2,100,900,1000,2000,200
B-25703,2,101,1350,1500,3000,300
B-25703,5,101,1350,1500,7500,750
B-25703,9,101,1350,1500,13500,1350
B-25703,4,101,1350,1500,6000,600
B-25703,4,101,1350,1500,6000,600
B-25703,4,101,1350,1500,6000,600
B-25703,9,101,1350,1500,13500,1350
B-25704,3,102,1000,1300,3900,900
B-25704,3,102,1000,1300,3900,900
B-25705,2,102,1000,1300,2600,600
B-25706,4,101,1350,1500,6000,600
B-25707,1,101,1350,1500,1500,150
B-25708,8,100,900,1000,8000,800
B-25708,5,102,1000,1300,6500,1500
B-25708,7,101,1350,1500,10500,1050
B-25708,2,101,1350,1500,3000,300
B-25709,7,101,1350,1500,10500,1050
B-25709,1,100,900,1000,1000,100
B-25710,6,100,900,1000,6000,600
B-25710,7,100,900,1000,7000,700
B-25710,1,101,1350,1500,1500,150
B-25710,4,101,1350,1500,6000,600
B-25710,4,101,1350,1500,6000,600
B-25710,1,101,1350,1500,1500,150
B-25711,4,101,1350,1500,6000,600
B-25712,3,102,1000,1300,3900,900
B-25713,4,100,900,1000,4000,400
B-25714,2,101,1350,1500,3000,300
B-25714,7,101,1350,1500,10500,1050
B-25715,3,102,1000,1300,3900,900
B-25716,4,101,1350,1500,6000,600
B-25717,3,101,1350,1500,4500,450
B-25717,5,101,1350,1500,7500,750
B-25717,3,101,1350,1500,4500,450
B-25717,2,100,900,1000,2000,200
B-25718,1,100,900,1000,1000,100
B-25718,3,100,900,1000,3000,300
B-25719,2,101,1350,1500,3000,300
B-25720,1,100,900,1000,1000,100
B-25721,7,101,1350,1500,10500,1050
B-25721,5,101,1350,1500,7500,750
B-25721,2,102,1000,1300,2600,600
B-25722,8,101,1350,1500,12000,1200
B-25723,1,101,1350,1500,1500,150
B-25723,2,101,1350,1500,3000,300
B-25723,2,101,1350,1500,3000,300
B-25723,3,102,1000,1300,3900,900
B-25724,2,100,900,1000,2000,200
B-25725,7,101,1350,1500,10500,1050
B-25725,2,101,1350,1500,3000,300
B-25725,4,102,1000,1300,5200,1200
B-25726,8,100,900,1000,8000,800
B-25727,6,101,1350,1500,9000,900
B-25727,4,101,1350,1500,6000,600
B-25728,4,102,1000,1300,5200,1200
B-25728,2,102,1000,1300,2600,600
B-25728,4,101,1350,1500,6000,600
B-25729,4,102,1000,1300,5200,1200
B-25730,3,102,1000,1300,3900,900
B-25730,4,100,900,1000,4000,400
B-25730,5,101,1350,1500,7500,750
B-25730,2,101,1350,1500,3000,300
B-25730,4,102,1000,1300,5200,1200
B-25730,3,100,900,1000,3000,300
B-25731,8,100,900,1000,8000,800
B-25732,2,101,1350,1500,3000,300
B-25733,7,101,1350,1500,10500,1050
B-25733,2,101,1350,1500,3000,300
B-25733,4,101,1350,1500,6000,600
B-25734,3,102,1000,1300,3900,900
B-25735,3,101,1350,1500,4500,450
B-25735,2,101,1350,1500,3000,300
B-25735,1,101,1350,1500,1500,150
B-25736,5,101,1350,1500,7500,750
B-25737,3,101,1350,1500,4500,450
B-25738,2,100,900,1000,2000,200
B-25738,3,101,1350,1500,4500,450
B-25738,6,101,1350,1500,9000,900
B-25738,2,102,1000,1300,2600,600
B-25739,2,100,900,1000,2000,200
B-25740,3,101,1350,1500,4500,450
B-25740,2,101,1350,1500,3000,300
B-25740,2,101,1350,1500,3000,300
B-25741,7,102,1000,1300,9100,2100
B-25742,2,101,1350,1500,3000,300
B-25743,5,101,1350,1500,7500,750
B-25743,1,101,1350,1500,1500,150
B-25743,2,101,1350,1500,3000,300
B-25743,3,101,1350,1500,4500,450
B-25743,4,101,1350,1500,6000,600
B-25744,6,102,1000,1300,7800,1800
B-25745,3,101,1350,1500,4500,450
B-25745,11,101,1350,1500,16500,1650
B-25745,5,100,900,1000,5000,500
B-25745,5,100,900,1000,5000,500
B-25746,2,101,1350,1500,3000,300
B-25747,2,100,900,1000,2000,200
B-25748,4,101,1350,1500,6000,600
B-25748,3,102,1000,1300,3900,900
B-25748,2,101,1350,1500,3000,300
B-25748,2,102,1000,1300,2600,600
B-25749,3,100,900,1000,3000,300
B-25750,2,100,900,1000,2000,200
B-25750,12,101,1350,1500,18000,1800
B-25750,2,101,1350,1500,3000,300
B-25750,3,101,1350,1500,4500,450
B-25750,7,100,900,1000,7000,700
B-25750,2,100,900,1000,2000,200
B-25750,2,101,1350,1500,3000,300
B-25750,1,101,1350,1500,1500,150
B-25750,1,100,900,1000,1000,100
B-25751,1,101,1350,1500,1500,150
B-25751,2,101,1350,1500,3000,300
B-25751,2,102,1000,1300,2600,600
B-25751,2,102,1000,1300,2600,600
B-25751,2,101,1350,1500,3000,300
B-25751,3,101,1350,1500,4500,450
B-25751,2,102,1000,1300,2600,600
B-25751,3,101,1350,1500,4500,450
B-25751,6,101,1350,1500,9000,900
B-25751,2,102,1000,1300,2600,600
B-25752,9,100,900,1000,9000,900
B-25752,9,102,1000,1300,11700,2700
B-25752,5,101,1350,1500,7500,750
B-25752,6,101,1350,1500,9000,900
B-25752,2,101,1350,1500,3000,300
B-25752,6,102,1000,1300,7800,1800
B-25752,1,100,900,1000,1000,100
B-25753,5,101,1350,1500,7500,750
B-25753,2,101,1350,1500,3000,300
B-25753,3,102,1000,1300,3900,900
B-25753,5,100,900,1000,5000,500
B-25753,6,101,1350,1500,9000,900
B-25753,5,101,1350,1500,7500,750
B-25753,7,101,1350,1500,10500,1050
B-25753,6,102,1000,1300,7800,1800
B-25753,8,101,1350,1500,12000,1200
B-25754,7,101,1350,1500,10500,1050
B-25754,5,101,1350,1500,7500,750
B-25754,2,101,1350,1500,3000,300
B-25754,4,101,1350,1500,6000,600
B-25754,3,101,1350,1500,4500,450
B-25754,3,101,1350,1500,4500,450
B-25754,5,101,1350,1500,7500,750
B-25754,2,102,1000,1300,2600,600
B-25755,3,101,1350,1500,4500,450
B-25755,2,100,900,1000,2000,200
B-25755,5,101,1350,1500,7500,750
B-25755,5,101,1350,1500,7500,750
B-25755,2,101,1350,1500,3000,300
B-25755,4,100,900,1000,4000,400
B-25755,2,100,900,1000,2000,200
B-25755,3,101,1350,1500,4500,450
B-25755,2,101,1350,1500,3000,300
B-25756,4,102,1000,1300,5200,1200
B-25756,2,102,1000,1300,2600,600
B-25756,3,100,900,1000,3000,300
B-25756,5,100,900,1000,5000,500
B-25756,4,101,1350,1500,6000,600
B-25757,4,101,1350,1500,6000,600
B-25757,5,101,1350,1500,7500,750
B-25757,2,100,900,1000,2000,200
B-25757,7,101,1350,1500,10500,1050
B-25757,2,101,1350,1500,3000,300
B-25757,3,101,1350,1500,4500,450
B-25757,8,101,1350,1500,12000,1200
B-25757,7,101,1350,1500,10500,1050
B-25757,1,101,1350,1500,1500,150
B-25757,3,101,1350,1500,4500,450
B-25757,5,101,1350,1500,7500,750
B-25758,1,101,1350,1500,1500,150
B-25759,6,101,1350,1500,9000,900
B-25760,5,102,1000,1300,6500,1500
B-25761,5,100,900,1000,5000,500
B-25761,3,102,1000,1300,3900,900
B-25761,7,102,1000,1300,9100,2100
B-25761,3,101,1350,1500,4500,450
B-25761,1,101,1350,1500,1500,150
B-25761,9,102,1000,1300,11700,2700
B-25762,7,102,1000,1300,9100,2100
B-25762,3,101,1350,1500,4500,450
B-25762,2,101,1350,1500,3000,300
B-25763,3,100,900,1000,3000,300
B-25764,5,101,1350,1500,7500,750
B-25764,2,102,1000,1300,2600,600
B-25764,2,101,1350,1500,3000,300
B-25764,2,101,1350,1500,3000,300
B-25765,3,101,1350,1500,4500,450
B-25766,2,101,1350,1500,3000,300
B-25767,3,102,1000,1300,3900,900
B-25767,2,101,1350,1500,3000,300
B-25767,2,102,1000,1300,2600,600
B-25767,3,101,1350,1500,4500,450
B-25767,2,101,1350,1500,3000,300
B-25768,6,101,1350,1500,9000,900
B-25769,2,101,1350,1500,3000,300
B-25770,3,100,900,1000,3000,300
B-25770,2,100,900,1000,2000,200
B-25770,12,100,900,1000,12000,1200
B-25770,1,100,900,1000,1000,100
B-25771,3,101,1350,1500,4500,450
B-25772,4,102,1000,1300,5200,1200
B-25773,3,100,900,1000,3000,300
B-25773,4,101,1350,1500,6000,600
B-25773,2,101,1350,1500,3000,300
B-25773,2,102,1000,1300,2600,600
B-25773,3,100,900,1000,3000,300
B-25774,2,100,900,1000,2000,200
B-25775,2,101,1350,1500,3000,300
B-25776,2,101,1350,1500,3000,300
B-25777,4,102,1000,1300,5200,1200
B-25777,4,101,1350,1500,6000,600
B-25777,7,101,1350,1500,10500,1050
B-25777,6,101,1350,1500,9000,900
B-25777,4,102,1000,1300,5200,1200
B-25778,6,102,1000,1300,7800,1800
B-25778,6,101,1350,1500,9000,900
B-25778,5,101,1350,1500,7500,750
B-25778,4,102,1000,1300,5200,1200
B-25779,3,100,900,1000,3000,300
B-25780,3,102,1000,1300,3900,900
B-25781,8,101,1350,1500,12000,1200
B-25781,2,101,1350,1500,3000,300
B-25781,5,101,1350,1500,7500,750
B-25781,2,101,1350,1500,3000,300
B-25781,4,101,1350,1500,6000,600
B-25781,7,102,1000,1300,9100,2100
B-25782,7,100,900,1000,7000,700
B-25783,1,101,1350,1500,1500,150
B-25783,2,101,1350,1500,3000,300
B-25783,6,101,1350,1500,9000,900
B-25783,3,101,1350,1500,4500,450
B-25783,2,101,1350,1500,3000,300
B-25784,1,101,1350,1500,1500,150
B-25785,3,101,1350,1500,4500,450
B-25785,2,101,1350,1500,3000,300
B-25785,3,101,1350,1500,4500,450
B-25785,3,101,1350,1500,4500,450
B-25786,5,100,900,1000,5000,500
B-25786,3,100,900,1000,3000,300
B-25786,3,101,1350,1500,4500,450
B-25786,3,101,1350,1500,4500,450
B-25787,7,101,1350,1500,10500,1050
B-25787,3,101,1350,1500,4500,450
B-25787,8,102,1000,1300,10400,2400
B-25787,4,100,900,1000,4000,400
B-25788,1,101,1350,1500,1500,150
B-25789,1,101,1350,1500,1500,150
B-25789,5,100,900,1000,5000,500
B-25789,9,100,900,1000,9000,900
B-25790,1,102,1000,1300,1300,300
B-25791,2,101,1350,1500,3000,300
B-25791,7,101,1350,1500,10500,1050
B-25791,3,101,1350,1500,4500,450
B-25792,3,101,1350,1500,4500,450
B-25793,5,101,1350,1500,7500,750
B-25793,6,101,1350,1500,9000,900
B-25793,4,101,1350,1500,6000,600
B-25793,4,101,1350,1500,6000,600
B-25793,4,101,1350,1500,6000,600
B-25793,3,101,1350,1500,4500,450
B-25793,11,101,1350,1500,16500,1650
B-25794,6,102,1000,1300,7800,1800
B-25795,2,102,1000,1300,2600,600
B-25796,1,101,1350,1500,1500,150
B-25796,1,102,1000,1300,1300,300
B-25796,5,100,900,1000,5000,500
B-25796,7,101,1350,1500,10500,1050
B-25796,6,101,1350,1500,9000,900
B-25796,2,101,1350,1500,3000,300
B-25796,3,101,1350,1500,4500,450
B-25797,4,102,1000,1300,5200,1200
B-25797,2,100,900,1000,2000,200
B-25797,9,100,900,1000,9000,900
B-25797,5,101,1350,1500,7500,750
B-25797,5,100,900,1000,5000,500
B-25797,2,101,1350,1500,3000,300
B-25798,2,101,1350,1500,3000,300
B-25798,2,102,1000,1300,2600,600
B-25798,13,100,900,1000,13000,1300
B-25798,2,101,1350,1500,3000,300
B-25798,3,101,1350,1500,4500,450
B-25798,4,101,1350,1500,6000,600
B-25799,3,101,1350,1500,4500,450
B-25799,4,101,1350,1500,6000,600
B-25799,2,100,900,1000,2000,200
B-25799,5,101,1350,1500,7500,750
B-25800,9,102,1000,1300,11700,2700
B-25800,3,101,1350,1500,4500,450
B-25800,7,101,1350,1500,10500,1050
B-25801,4,101,1350,1500,6000,600
B-25801,2,101,1350,1500,3000,300
B-25801,4,101,1350,1500,6000,600
B-25801,1,101,1350,1500,1500,150
B-25802,5,101,1350,1500,7500,750
B-25802,11,102,1000,1300,14300,3300
B-25802,2,101,1350,1500,3000,300
B-25802,1,101,1350,1500,1500,150
B-25802,2,101,1350,1500,3000,300
B-25803,3,101,1350,1500,4500,450
B-25803,1,102,1000,1300,1300,300
B-25803,1,101,1350,1500,1500,150
B-25803,5,101,1350,1500,7500,750
B-25803,2,102,1000,1300,2600,600
B-25803,3,100,900,1000,3000,300
B-25803,4,101,1350,1500,6000,600
B-25803,6,101,1350,1500,9000,900
B-25804,5,101,1350,1500,7500,750
B-25804,3,102,1000,1300,3900,900
B-25805,2,100,900,1000,2000,200
B-25806,4,100,900,1000,4000,400
B-25807,1,101,1350,1500,1500,150
B-25808,6,101,1350,1500,9000,900
B-25808,3,102,1000,1300,3900,900
B-25808,2,101,1350,1500,3000,300
B-25808,4,101,1350,1500,6000,600
B-25809,3,101,1350,1500,4500,450
B-25809,1,101,1350,1500,1500,150
B-25810,4,101,1350,1500,6000,600
B-25810,6,101,1350,1500,9000,900
B-25810,3,101,1350,1500,4500,450
B-25810,3,102,1000,1300,3900,900
B-25810,2,101,1350,1500,3000,300
B-25810,5,101,1350,1500,7500,750
B-25811,4,101,1350,1500,6000,600
B-25812,5,101,1350,1500,7500,750
B-25813,7,100,900,1000,7000,700
B-25814,7,101,1350,1500,10500,1050
B-25814,4,101,1350,1500,6000,600
B-25815,2,101,1350,1500,3000,300
B-25816,8,101,1350,1500,12000,1200
B-25817,5,102,1000,1300,6500,1500
B-25818,9,101,1350,1500,13500,1350
B-25818,4,101,1350,1500,6000,600
B-25818,2,101,1350,1500,3000,300
B-25818,2,100,900,1000,2000,200
B-25818,4,101,1350,1500,6000,600
B-25819,3,102,1000,1300,3900,900
B-25820,1,100,900,1000,1000,100
B-25821,4,101,1350,1500,6000,600
B-25821,1,101,1350,1500,1500,150
B-25821,3,102,1000,1300,3900,900
B-25822,2,101,1350,1500,3000,300
B-25823,8,102,1000,1300,10400,2400
B-25823,2,100,900,1000,2000,200
B-25823,1,102,1000,1300,1300,300
B-25823,2,100,900,1000,2000,200
B-25824,2,100,900,1000,2000,200
B-25825,5,102,1000,1300,6500,1500
B-25825,6,101,1350,1500,9000,900
B-25825,5,101,1350,1500,7500,750
B-25826,2,102,1000,1300,2600,600
B-25827,3,100,900,1000,3000,300
B-25828,3,101,1350,1500,4500,450
B-25828,1,101,1350,1500,1500,150
B-25828,3,101,1350,1500,4500,450
B-25828,5,101,1350,1500,7500,750
B-25829,7,101,1350,1500,10500,1050
B-25830,6,101,1350,1500,9000,900
B-25830,2,101,1350,1500,3000,300
B-25830,8,101,1350,1500,12000,1200
B-25830,2,102,1000,1300,2600,600
B-25830,7,102,1000,1300,9100,2100
B-25830,3,102,1000,1300,3900,900
B-25831,6,101,1350,1500,9000,900
B-25832,3,100,900,1000,3000,300
B-25833,5,101,1350,1500,7500,750
B-25833,9,101,1350,1500,13500,1350
B-25833,3,101,1350,1500,4500,450
B-25834,1,101,1350,1500,1500,150
B-25835,5,101,1350,1500,7500,750
B-25835,2,101,1350,1500,3000,300
B-25835,3,101,1350,1500,4500,450
B-25836,9,102,1000,1300,11700,2700
B-25837,5,101,1350,1500,7500,750
B-25838,5,101,1350,1500,7500,750
B-25838,7,101,1350,1500,10500,1050
B-25838,3,102,1000,1300,3900,900
B-25838,3,101,1350,1500,4500,450
B-25839,7,101,1350,1500,10500,1050
B-25840,2,100,900,1000,2000,200
B-25840,2,100,900,1000,2000,200
B-25840,6,101,1350,1500,9000,900
B-25841,2,101,1350,1500,3000,300
B-25842,8,102,1000,1300,10400,2400
B-25843,6,101,1350,1500,9000,900
B-25843,3,102,1000,1300,3900,900
B-25843,5,101,1350,1500,7500,750
B-25843,3,101,1350,1500,4500,450
B-25843,2,101,1350,1500,3000,300
B-25844,2,101,1350,1500,3000,300
B-25845,4,102,1000,1300,5200,1200
B-25845,4,101,1350,1500,6000,600
B-25845,2,102,1000,1300,2600,600
B-25845,5,101,1350,1500,7500,750
B-25846,7,101,1350,1500,10500,1050
B-25847,2,102,1000,1300,2600,600
B-25847,10,100,900,1000,10000,1000
B-25848,3,100,900,1000,3000,300
B-25848,2,101,1350,1500,3000,300
B-25848,6,102,1000,1300,7800,1800
B-25849,3,102,1000,1300,3900,900
B-25850,3,101,1350,1500,4500,450
B-25850,2,101,1350,1500,3000,300
B-25850,5,101,1350,1500,7500,750
B-25850,3,101,1350,1500,4500,450
B-25850,4,101,1350,1500,6000,600
B-25850,2,102,1000,1300,2600,600
B-25850,2,101,1350,1500,3000,300
B-25850,11,102,1000,1300,14300,3300
B-25850,4,101,1350,1500,6000,600
B-25851,2,101,1350,1500,3000,300
B-25851,2,102,1000,1300,2600,600
B-25851,2,101,1350,1500,3000,300
B-25851,2,101,1350,1500,3000,300
B-25851,3,100,900,1000,3000,300
B-25851,6,101,1350,1500,9000,900
B-25851,5,101,1350,1500,7500,750
B-25851,3,101,1350,1500,4500,450
B-25851,5,101,1350,1500,7500,750
B-25851,9,101,1350,1500,13500,1350
B-25852,1,102,1000,1300,1300,300
B-25852,2,101,1350,1500,3000,300
B-25852,4,101,1350,1500,6000,600
B-25852,2,101,1350,1500,3000,300
B-25852,1,101,1350,1500,1500,150
B-25852,4,100,900,1000,4000,400
B-25852,5,101,1350,1500,7500,750
B-25853,6,101,1350,1500,9000,900
B-25853,3,101,1350,1500,4500,450
B-25853,2,101,1350,1500,3000,300
B-25853,2,101,1350,1500,3000,300
B-25853,3,102,1000,1300,3900,900
B-25853,5,100,900,1000,5000,500
B-25853,4,100,900,1000,4000,400
B-25853,3,101,1350,1500,4500,450
B-25853,4,101,1350,1500,6000,600
B-25854,6,101,1350,1500,9000,900
B-25854,9,101,1350,1500,13500,1350
B-25854,3,101,1350,1500,4500,450
B-25854,4,101,1350,1500,6000,600
B-25854,7,100,900,1000,7000,700
B-25854,3,101,1350,1500,4500,450
B-25854,3,101,1350,1500,4500,450
B-25854,2,101,1350,1500,3000,300
B-25855,4,102,1000,1300,5200,1200
B-25855,2,102,1000,1300,2600,600
B-25855,3,101,1350,1500,4500,450
B-25855,2,101,1350,1500,3000,300
B-25855,2,101,1350,1500,3000,300
B-25855,8,101,1350,1500,12000,1200
B-25855,5,102,1000,1300,6500,1500
B-25855,1,100,900,1000,1000,100
B-25855,5,100,900,1000,5000,500
B-25856,3,101,1350,1500,4500,450
B-25856,2,101,1350,1500,3000,300
B-25856,5,101,1350,1500,7500,750
B-25856,2,101,1350,1500,3000,300
B-25856,1,101,1350,1500,1500,150
B-25857,8,102,1000,1300,10400,2400
B-25857,4,100,900,1000,4000,400
B-25857,2,100,900,1000,2000,200
B-25858,3,101,1350,1500,4500,450
B-25858,4,101,1350,1500,6000,600
B-25858,2,101,1350,1500,3000,300
B-25858,2,101,1350,1500,3000,300
B-25858,7,102,1000,1300,9100,2100
B-25858,1,101,1350,1500,1500,150
B-25858,2,101,1350,1500,3000,300
B-25858,2,100,900,1000,2000,200
B-25858,11,102,1000,1300,14300,3300
B-25859,2,100,900,1000,2000,200
B-25860,3,101,1350,1500,4500,450
B-25861,3,101,1350,1500,4500,450
B-25861,2,101,1350,1500,3000,300
B-25861,5,101,1350,1500,7500,750
B-25861,3,101,1350,1500,4500,450
B-25861,2,101,1350,1500,3000,300
B-25861,3,102,1000,1300,3900,900
B-25862,5,100,900,1000,5000,500
B-25862,4,101,1350,1500,6000,600
B-25862,3,101,1350,1500,4500,450
B-25863,7,101,1350,1500,10500,1050
B-25864,4,101,1350,1500,6000,600
B-25864,1,101,1350,1500,1500,150
B-25864,2,101,1350,1500,3000,300
B-25864,2,101,1350,1500,3000,300
B-25865,3,101,1350,1500,4500,450
B-25866,2,101,1350,1500,3000,300
B-25867,3,101,1350,1500,4500,450
B-25867,6,101,1350,1500,9000,900
B-25867,4,101,1350,1500,6000,600
B-25868,2,102,1000,1300,2600,600
B-25868,1,102,1000,1300,1300,300
B-25868,2,100,900,1000,2000,200
B-25869,3,101,1350,1500,4500,450
B-25870,1,101,1350,1500,1500,150
B-25870,7,101,1350,1500,10500,1050
B-25870,3,100,900,1000,3000,300
B-25870,9,101,1350,1500,13500,1350
B-25871,4,101,1350,1500,6000,600
B-25872,2,101,1350,1500,3000,300
B-25873,3,101,1350,1500,4500,450
B-25873,3,102,1000,1300,3900,900
B-25873,1,101,1350,1500,1500,150
B-25873,2,102,1000,1300,2600,600
B-25873,2,101,1350,1500,3000,300
B-25874,5,101,1350,1500,7500,750
B-25875,2,101,1350,1500,3000,300
B-25876,4,101,1350,1500,6000,600
B-25877,2,101,1350,1500,3000,300
B-25877,5,100,900,1000,5000,500
B-25877,2,101,1350,1500,3000,300
B-25878,3,100,900,1000,3000,300
B-25878,4,101,1350,1500,6000,600
B-25878,3,101,1350,1500,4500,450
B-25878,5,101,1350,1500,7500,750
B-25878,5,100,900,1000,5000,500
B-25878,6,100,900,1000,6000,600
B-25879,2,101,1350,1500,3000,300
B-25880,2,101,1350,1500,3000,300
B-25881,3,101,1350,1500,4500,450
B-25881,2,101,1350,1500,3000,300
B-25881,6,102,1000,1300,7800,1800
B-25881,4,101,1350,1500,6000,600
B-25881,3,101,1350,1500,4500,450
B-25881,5,100,900,1000,5000,500
B-25882,4,101,1350,1500,6000,600
B-25883,5,101,1350,1500,7500,750
B-25883,8,101,1350,1500,12000,1200
B-25883,3,100,900,1000,3000,300
B-25883,4,101,1350,1500,6000,600
B-25883,2,101,1350,1500,3000,300
B-25884,4,101,1350,1500,6000,600
B-25885,2,101,1350,1500,3000,300
B-25885,2,100,900,1000,2000,200
B-25885,2,100,900,1000,2000,200
B-25885,7,101,1350,1500,10500,1050
B-25886,2,101,1350,1500,3000,300
B-25886,4,102,1000,1300,5200,1200
B-25886,4,101,1350,1500,6000,600
B-25886,3,101,1350,1500,4500,450
B-25887,6,101,1350,1500,9000,900
B-25887,6,102,1000,1300,7800,1800
B-25888,3,101,1350,1500,4500,450
B-25888,3,102,1000,1300,3900,900
B-25888,3,102,1000,1300,3900,900
B-25889,1,101,1350,1500,1500,150
B-25889,7,101,1350,1500,10500,1050
B-25889,4,101,1350,1500,6000,600
B-25890,9,101,1350,1500,13500,1350
B-25891,2,101,1350,1500,3000,300
B-25891,7,101,1350,1500,10500,1050
B-25891,4,101,1350,1500,6000,600
B-25892,3,101,1350,1500,4500,450
B-25893,7,101,1350,1500,10500,1050
B-25893,3,101,1350,1500,4500,450
B-25893,3,101,1350,1500,4500,450
B-25893,6,102,1000,1300,7800,1800
B-25893,3,102,1000,1300,3900,900
B-25893,7,101,1350,1500,10500,1050
B-25893,3,101,1350,1500,4500,450
B-25894,3,100,900,1000,3000,300
B-25895,2,100,900,1000,2000,200
B-25896,3,101,1350,1500,4500,450
B-25896,2,101,1350,1500,3000,300
B-25896,8,101,1350,1500,12000,1200
B-25896,2,101,1350,1500,3000,300
B-25896,6,101,1350,1500,9000,900
B-25896,2,101,1350,1500,3000,300
B-25896,2,100,900,1000,2000,200
B-25897,3,101,1350,1500,4500,450
B-25897,3,101,1350,1500,4500,450
B-25897,5,101,1350,1500,7500,750
B-25897,6,102,1000,1300,7800,1800
B-25898,3,101,1350,1500,4500,450
B-25898,4,101,1350,1500,6000,600
B-25898,3,101,1350,1500,4500,450
B-25898,3,101,1350,1500,4500,450
B-25898,2,102,1000,1300,2600,600
B-25898,3,100,900,1000,3000,300
B-25898,4,101,1350,1500,6000,600
B-25898,2,100,900,1000,2000,200
B-25899,2,101,1350,1500,3000,300
B-25899,4,101,1350,1500,6000,600
B-25899,1,101,1350,1500,1500,150
B-25899,2,100,900,1000,2000,200
B-25900,1,101,1350,1500,1500,150
B-25900,5,101,1350,1500,7500,750
B-25900,2,102,1000,1300,2600,600
B-25901,3,101,1350,1500,4500,450
B-25901,2,101,1350,1500,3000,300
B-25901,3,100,900,1000,3000,300
B-25901,2,101,1350,1500,3000,300
B-25902,7,101,1350,1500,10500,1050
B-25902,2,100,900,1000,2000,200
B-25902,7,102,1000,1300,9100,2100
B-25902,3,101,1350,1500,4500,450
B-25902,4,102,1000,1300,5200,1200
B-25903,8,102,1000,1300,10400,2400
B-25903,2,101,1350,1500,3000,300
B-25903,3,101,1350,1500,4500,450
B-25903,3,101,1350,1500,4500,450
B-25903,2,100,900,1000,2000,200
B-25903,4,101,1350,1500,6000,600
B-25903,2,101,1350,1500,3000,300
B-25903,2,102,1000,1300,2600,600
B-25904,2,100,900,1000,2000,200
B-25904,2,100,900,1000,2000,200
B-25905,6,101,1350,1500,9000,900
B-25906,3,101,1350,1500,4500,450
B-25907,5,101,1350,1500,7500,750
B-25908,5,101,1350,1500,7500,750
B-25909,3,101,1350,1500,4500,450
B-25909,3,102,1000,1300,3900,900
B-25909,3,102,1000,1300,3900,900
B-25909,5,102,1000,1300,6500,1500
B-25909,2,101,1350,1500,3000,300
B-25910,5,101,1350,1500,7500,750
B-25910,7,101,1350,1500,10500,1050
B-25910,5,102,1000,1300,6500,1500
B-25910,5,100,900,1000,5000,500
B-25910,5,101,1350,1500,7500,750
B-25910,2,101,1350,1500,3000,300
B-25911,1,101,1350,1500,1500,150
B-25912,6,101,1350,1500,9000,900
B-25913,7,101,1350,1500,10500,1050
B-25914,3,100,900,1000,3000,300
B-25914,3,101,1350,1500,4500,450
B-25915,1,102,1000,1300,1300,300
B-25916,9,101,1350,1500,13500,1350
B-25917,2,101,1350,1500,3000,300
B-25918,5,100,900,1000,5000,500
B-25919,1,101,1350,1500,1500,150
B-25919,7,101,1350,1500,10500,1050
B-25919,2,102,1000,1300,2600,600
B-25919,6,102,1000,1300,7800,1800
B-25919,7,102,1000,1300,9100,2100
B-25920,2,101,1350,1500,3000,300
B-25921,5,101,1350,1500,7500,750
B-25921,2,102,1000,1300,2600,600
B-25921,5,102,1000,1300,6500,1500
B-25922,2,101,1350,1500,3000,300
B-25923,3,102,1000,1300,3900,900
B-25923,3,102,1000,1300,3900,900
B-25923,1,101,1350,1500,1500,150
B-25923,6,102,1000,1300,7800,1800
B-25924,2,100,900,1000,2000,200
B-25925,1,101,1350,1500,1500,150
B-25925,3,102,1000,1300,3900,900
B-25925,3,100,900,1000,3000,300
B-25926,5,101,1350,1500,7500,750
B-25927,4,102,1000,1300,5200,1200
B-25928,1,100,900,1000,1000,100
B-25928,3,102,1000,1300,3900,900
B-25929,3,100,900,1000,3000,300
B-25929,3,100,900,1000,3000,300
B-25929,3,100,900,1000,3000,300
B-25930,3,101,1350,1500,4500,450
B-25930,5,102,1000,1300,6500,1500
B-25930,4,100,900,1000,4000,400
B-25930,5,101,1350,1500,7500,750
B-25930,2,101,1350,1500,3000,300
B-25930,9,101,1350,1500,13500,1350
B-25931,3,100,900,1000,3000,300
B-25932,4,100,900,1000,4000,400
B-25933,3,101,1350,1500,4500,450
B-25933,6,101,1350,1500,9000,900
B-25933,2,101,1350,1500,3000,300
B-25934,6,101,1350,1500,9000,900
B-25935,3,100,900,1000,3000,300
B-25935,3,101,1350,1500,4500,450
B-25935,4,100,900,1000,4000,400
B-25936,4,101,1350,1500,6000,600
B-25937,3,100,900,1000,3000,300
B-25938,2,100,900,1000,2000,200
B-25938,3,101,1350,1500,4500,450
B-25939,2,102,1000,1300,2600,600
B-25939,3,102,1000,1300,3900,900
B-25939,4,102,1000,1300,5200,1200
B-25940,2,101,1350,1500,3000,300
B-25940,2,101,1350,1500,3000,300
B-25940,4,101,1350,1500,6000,600
B-25941,4,101,1350,1500,6000,600
B-25942,2,102,1000,1300,2600,600
B-25943,4,101,1350,1500,6000,600
B-25943,4,101,1350,1500,6000,600
B-25943,3,101,1350,1500,4500,450
B-25943,6,102,1000,1300,7800,1800
B-25943,5,101,1350,1500,7500,750
B-25944,3,101,1350,1500,4500,450
B-25945,2,100,900,1000,2000,200
B-25945,3,101,1350,1500,4500,450
B-25945,2,101,1350,1500,3000,300
B-25945,3,102,1000,1300,3900,900
B-25946,2,102,1000,1300,2600,600
B-25947,6,101,1350,1500,9000,900
B-25947,2,102,1000,1300,2600,600
B-25948,3,100,900,1000,3000,300
B-25949,3,101,1350,1500,4500,450
B-25949,2,101,1350,1500,3000,300
B-25949,3,101,1350,1500,4500,450
B-25950,1,101,1350,1500,1500,150
B-25950,2,101,1350,1500,3000,300
B-25950,2,102,1000,1300,2600,600
B-25950,6,101,1350,1500,9000,900
B-25950,5,102,1000,1300,6500,1500
B-25950,9,100,900,1000,9000,900
B-25950,10,101,1350,1500,15000,1500
B-25950,5,101,1350,1500,7500,750
B-25950,5,101,1350,1500,7500,750
B-25951,2,101,1350,1500,3000,300
B-25951,1,102,1000,1300,1300,300
B-25951,9,101,1350,1500,13500,1350
B-25951,5,101,1350,1500,7500,750
B-25951,1,102,1000,1300,1300,300
B-25951,3,101,1350,1500,4500,450
B-25951,2,101,1350,1500,3000,300
B-25951,2,101,1350,1500,3000,300
B-25951,2,102,1000,1300,2600,600
B-25951,2,100,900,1000,2000,200
B-25952,4,101,1350,1500,6000,600
B-25952,9,101,1350,1500,13500,1350
B-25952,4,102,1000,1300,5200,1200
B-25952,3,100,900,1000,3000,300
B-25952,5,101,1350,1500,7500,750
B-25952,3,101,1350,1500,4500,450
B-25952,3,101,1350,1500,4500,450
B-25953,4,101,1350,1500,6000,600
B-25953,2,102,1000,1300,2600,600
B-25953,3,101,1350,1500,4500,450
B-25953,3,101,1350,1500,4500,450
B-25953,1,102,1000,1300,1300,300
B-25953,4,101,1350,1500,6000,600
B-25953,6,102,1000,1300,7800,1800
B-25953,9,100,900,1000,9000,900
B-25953,5,101,1350,1500,7500,750
B-25954,5,101,1350,1500,7500,750
B-25954,1,102,1000,1300,1300,300
B-25954,3,101,1350,1500,4500,450
B-25954,2,101,1350,1500,3000,300
B-25954,2,101,1350,1500,3000,300
B-25954,4,100,900,1000,4000,400
B-25954,2,102,1000,1300,2600,600
B-25954,1,102,1000,1300,1300,300
B-25955,7,102,1000,1300,9100,2100
B-25955,4,101,1350,1500,6000,600
B-25955,2,101,1350,1500,3000,300
B-25955,5,101,1350,1500,7500,750
B-25955,3,101,1350,1500,4500,450
B-25955,3,102,1000,1300,3900,900
B-25955,8,100,900,1000,8000,800
B-25955,9,101,1350,1500,13500,1350
B-25955,5,102,1000,1300,6500,1500
B-25956,4,101,1350,1500,6000,600
B-25956,2,101,1350,1500,3000,300
B-25956,3,101,1350,1500,4500,450
B-25956,4,102,1000,1300,5200,1200
B-25956,2,102,1000,1300,2600,600
B-25957,3,101,1350,1500,4500,450
B-25957,1,101,1350,1500,1500,150
B-25957,9,100,900,1000,9000,900
B-25958,2,101,1350,1500,3000,300
B-25958,3,101,1350,1500,4500,450
B-25959,2,102,1000,1300,2600,600
B-25959,4,100,900,1000,4000,400
B-25959,2,101,1350,1500,3000,300
B-25959,3,101,1350,1500,4500,450
B-25959,8,102,1000,1300,10400,2400
B-25959,3,100,900,1000,3000,300
B-25959,6,101,1350,1500,9000,900
B-25959,2,101,1350,1500,3000,300
B-25960,2,100,900,1000,2000,200
B-25961,5,101,1350,1500,7500,750
B-25961,3,100,900,1000,3000,300
B-25961,3,101,1350,1500,4500,450
B-25961,3,102,1000,1300,3900,900
B-25961,3,101,1350,1500,4500,450
B-25961,3,101,1350,1500,4500,450
B-25962,2,102,1000,1300,2600,600
B-25962,1,102,1000,1300,1300,300
B-25962,3,100,900,1000,3000,300
B-25963,3,100,900,1000,3000,300
B-25964,4,101,1350,1500,6000,600
B-25964,5,101,1350,1500,7500,750
B-25964,11,102,1000,1300,14300,3300
B-25964,3,100,900,1000,3000,300
B-25965,3,101,1350,1500,4500,450
B-25966,6,102,1000,1300,7800,1800
B-25967,2,101,1350,1500,3000,300
B-25967,4,100,900,1000,4000,400
B-25967,9,101,1350,1500,13500,1350
B-25968,7,102,1000,1300,9100,2100
B-25969,2,102,1000,1300,2600,600
B-25969,7,100,900,1000,7000,700
B-25969,6,101,1350,1500,9000,900
B-25970,2,102,1000,1300,2600,600
B-25970,2,100,900,1000,2000,200
B-25970,4,101,1350,1500,6000,600
B-25970,3,102,1000,1300,3900,900
B-25971,2,100,900,1000,2000,200
B-25972,2,102,1000,1300,2600,600
B-25973,12,101,1350,1500,18000,1800
B-25973,8,101,1350,1500,12000,1200
B-25973,2,101,1350,1500,3000,300
B-25973,5,101,1350,1500,7500,750
B-25973,13,102,1000,1300,16900,3900
B-25974,2,100,900,1000,2000,200
B-25975,3,101,1350,1500,4500,450
B-25976,4,101,1350,1500,6000,600
B-25977,1,101,1350,1500,1500,150
B-25977,3,101,1350,1500,4500,450
B-25977,4,101,1350,1500,6000,600
B-25978,4,102,1000,1300,5200,1200
B-25978,7,101,1350,1500,10500,1050
B-25979,3,101,1350,1500,4500,450
B-25979,2,101,1350,1500,3000,300
B-25979,2,100,900,1000,2000,200
B-25979,2,101,1350,1500,3000,300
B-25979,3,101,1350,1500,4500,450
B-25980,3,101,1350,1500,4500,450
B-25981,3,101,1350,1500,4500,450
B-25981,3,101,1350,1500,4500,450
B-25981,2,101,1350,1500,3000,300
B-25981,2,100,900,1000,2000,200
B-25981,5,102,1000,1300,6500,1500
B-25981,3,101,1350,1500,4500,450
B-25982,1,101,1350,1500,1500,150
B-25983,2,101,1350,1500,3000,300
B-25983,1,100,900,1000,1000,100
B-25983,8,100,900,1000,8000,800
B-25983,6,101,1350,1500,9000,900
B-25983,5,100,900,1000,5000,500
B-25984,6,101,1350,1500,9000,900
B-25985,4,101,1350,1500,6000,600
B-25985,4,101,1350,1500,6000,600
B-25985,5,101,1350,1500,7500,750
B-25985,4,101,1350,1500,6000,600
B-25986,7,100,900,1000,7000,700
B-25986,5,101,1350,1500,7500,750
B-25986,3,102,1000,1300,3900,900
B-25986,9,102,1000,1300,11700,2700
B-25987,6,101,1350,1500,9000,900
B-25987,7,101,1350,1500,10500,1050
B-25988,9,101,1350,1500,13500,1350
B-25989,3,101,1350,1500,4500,450
B-25989,1,101,1350,1500,1500,150
B-25989,1,102,1000,1300,1300,300
B-25989,1,100,900,1000,1000,100
B-25989,7,101,1350,1500,10500,1050
B-25990,3,101,1350,1500,4500,450
B-25991,7,101,1350,1500,10500,1050
B-25991,2,100,900,1000,2000,200
B-25991,2,101,1350,1500,3000,300
B-25992,3,101,1350,1500,4500,450
B-25993,2,101,1350,1500,3000,300
B-25993,3,102,1000,1300,3900,900
B-25993,5,100,900,1000,5000,500
B-25993,3,102,1000,1300,3900,900
B-25993,7,100,900,1000,7000,700
B-25993,4,100,900,1000,4000,400
B-25993,1,102,1000,1300,1300,300
B-25994,5,102,1000,1300,6500,1500
B-25995,3,100,900,1000,3000,300
B-25996,6,101,1350,1500,9000,900
B-25996,2,101,1350,1500,3000,300
B-25996,2,100,900,1000,2000,200
B-25996,6,101,1350,1500,9000,900
B-25996,2,102,1000,1300,2600,600
B-25996,2,101,1350,1500,3000,300
B-25996,1,101,1350,1500,1500,150
B-25997,3,101,1350,1500,4500,450
B-25997,2,102,1000,1300,2600,600
B-25997,7,100,900,1000,7000,700
B-25997,1,101,1350,1500,1500,150
B-25998,5,100,900,1000,5000,500
B-25999,1,101,1350,1500,1500,150
B-25999,4,101,1350,1500,6000,600
B-25999,5,101,1350,1500,7500,750
B-25999,2,102,1000,1300,2600,600
B-25999,8,101,1350,1500,12000,1200
B-25999,2,102,1000,1300,2600,600
B-25999,7,101,1350,1500,10500,1050
B-25999,3,102,1000,1300,3900,900
B-25999,5,101,1350,1500,7500,750
B-25999,2,101,1350,1500,3000,300
B-25999,1,100,900,1000,1000,100
B-26000,4,101,1350,1500,6000,600
B-26000,3,102,1000,1300,3900,900
B-26000,4,100,900,1000,4000,400
B-26001,2,101,1350,1500,3000,300
B-26001,4,100,900,1000,4000,400
B-26001,2,101,1350,1500,3000,300
B-26001,6,101,1350,1500,9000,900
B-26002,3,101,1350,1500,4500,450
B-26002,5,101,1350,1500,7500,750
B-26002,3,101,1350,1500,4500,450
B-26002,7,101,1350,1500,10500,1050
B-26002,2,101,1350,1500,3000,300
B-26003,3,100,900,1000,3000,300
B-26003,4,101,1350,1500,6000,600
B-26003,6,100,900,1000,6000,600
B-26003,6,100,900,1000,6000,600
B-26003,3,101,1350,1500,4500,450
B-26003,4,101,1350,1500,6000,600
B-26003,2,100,900,1000,2000,200
B-26003,2,101,1350,1500,3000,300
B-26004,3,101,1350,1500,4500,450
B-26004,2,102,1000,1300,2600,600
B-26005,3,101,1350,1500,4500,450
B-26006,5,102,1000,1300,6500,1500
B-26007,2,100,900,1000,2000,200
B-26008,1,101,1350,1500,1500,150
B-26008,4,101,1350,1500,6000,600
B-26008,5,101,1350,1500,7500,750
B-26008,1,101,1350,1500,1500,150
B-26009,2,102,1000,1300,2600,600
B-26009,9,101,1350,1500,13500,1350
B-26010,3,102,1000,1300,3900,900
B-26010,2,101,1350,1500,3000,300
B-26010,2,101,1350,1500,3000,300
B-26010,3,101,1350,1500,4500,450
B-26010,5,100,900,1000,5000,500
B-26010,3,101,1350,1500,4500,450
B-26011,2,101,1350,1500,3000,300
B-26012,2,101,1350,1500,3000,300
B-26013,3,101,1350,1500,4500,450
B-26014,7,100,900,1000,7000,700
B-26014,5,100,900,1000,5000,500
B-26015,1,101,1350,1500,1500,150
B-26016,3,101,1350,1500,4500,450
B-26016,4,101,1350,1500,6000,600
B-26016,3,102,1000,1300,3900,900
B-26016,3,102,1000,1300,3900,900
B-26017,1,100,900,1000,1000,100
B-26018,3,100,900,1000,3000,300
B-26018,4,101,1350,1500,6000,600
B-26019,13,101,1350,1500,19500,1950
B-26020,6,102,1000,1300,7800,1800
B-26021,7,100,900,1000,7000,700
B-26021,1,101,1350,1500,1500,150
B-26021,3,101,1350,1500,4500,450
B-26022,8,102,1000,1300,10400,2400
B-26023,10,100,900,1000,10000,1000
B-26023,3,100,900,1000,3000,300
B-26023,3,101,1350,1500,4500,450
B-26023,2,101,1350,1500,3000,300
B-26024,6,101,1350,1500,9000,900
B-26025,3,101,1350,1500,4500,450
B-26025,2,101,1350,1500,3000,300
B-26025,5,101,1350,1500,7500,750
B-26026,9,101,1350,1500,13500,1350
B-26026,3,101,1350,1500,4500,450
B-26027,4,101,1350,1500,6000,600
B-26028,2,101,1350,1500,3000,300
B-26028,1,102,1000,1300,1300,300
B-26028,2,102,1000,1300,2600,600
B-26029,1,101,1350,1500,1500,150
B-26030,6,101,1350,1500,9000,900
B-26030,1,101,1350,1500,1500,150
B-26030,4,102,1000,1300,5200,1200
B-26030,5,101,1350,1500,7500,750
B-26030,3,101,1350,1500,4500,450
B-26030,2,102,1000,1300,2600,600
B-26031,4,101,1350,1500,6000,600
B-26032,5,101,1350,1500,7500,750
B-26033,3,102,1000,1300,3900,900
B-26033,1,100,900,1000,1000,100
B-26033,5,101,1350,1500,7500,750
B-26034,5,102,1000,1300,6500,1500
B-26035,11,101,1350,1500,16500,1650
B-26035,3,102,1000,1300,3900,900
B-26035,3,102,1000,1300,3900,900
B-26036,7,100,900,1000,7000,700
B-26037,7,101,1350,1500,10500,1050
B-26038,2,101,1350,1500,3000,300
B-26038,3,101,1350,1500,4500,450
B-26038,2,101,1350,1500,3000,300
B-26038,1,101,1350,1500,1500,150
B-26039,5,101,1350,1500,7500,750
B-26040,2,101,1350,1500,3000,300
B-26040,4,101,1350,1500,6000,600
B-26040,3,101,1350,1500,4500,450
B-26041,5,100,900,1000,5000,500
B-26042,3,101,1350,1500,4500,450
B-26043,4,101,1350,1500,6000,600
B-26043,5,101,1350,1500,7500,750
B-26043,6,101,1350,1500,9000,900
B-26043,3,101,1350,1500,4500,450
B-26043,7,101,1350,1500,10500,1050
B-26044,3,101,1350,1500,4500,450
B-26045,6,100,900,1000,6000,600
B-26045,7,101,1350,1500,10500,1050
B-26045,1,101,1350,1500,1500,150
B-26045,1,101,1350,1500,1500,150
B-26046,8,101,1350,1500,12000,1200
B-26047,5,101,1350,1500,7500,750
B-26048,2,102,1000,1300,2600,600
B-26048,6,100,900,1000,6000,600
B-26048,5,100,900,1000,5000,500
B-26048,4,101,1350,1500,6000,600
B-26049,2,101,1350,1500,3000,300
B-26050,7,101,1350,1500,10500,1050
B-26050,4,101,1350,1500,6000,600
B-26050,4,102,1000,1300,5200,1200
B-26050,2,102,1000,1300,2600,600
B-26050,3,101,1350,1500,4500,450
B-26050,3,101,1350,1500,4500,450
B-26050,2,101,1350,1500,3000,300
B-26050,6,101,1350,1500,9000,900
B-26050,2,102,1000,1300,2600,600
B-26051,6,101,1350,1500,9000,900
B-26051,5,100,900,1000,5000,500
B-26051,5,100,900,1000,5000,500
B-26051,3,101,1350,1500,4500,450
B-26051,4,101,1350,1500,6000,600
B-26051,10,101,1350,1500,15000,1500
B-26051,2,101,1350,1500,3000,300
B-26051,2,102,1000,1300,2600,600
B-26051,7,102,1000,1300,9100,2100
B-26051,5,102,1000,1300,6500,1500
B-26052,6,101,1350,1500,9000,900
B-26052,4,101,1350,1500,6000,600
B-26052,3,101,1350,1500,4500,450
B-26052,4,101,1350,1500,6000,600
B-26052,1,101,1350,1500,1500,150
B-26052,2,101,1350,1500,3000,300
B-26052,3,102,1000,1300,3900,900
B-26053,2,101,1350,1500,3000,300
B-26053,2,100,900,1000,2000,200
B-26053,7,101,1350,1500,10500,1050
B-26053,3,102,1000,1300,3900,900
B-26053,3,100,900,1000,3000,300
B-26053,6,101,1350,1500,9000,900
B-26053,3,101,1350,1500,4500,450
B-26053,1,100,900,1000,1000,100
B-26053,3,101,1350,1500,4500,450
B-26054,5,101,1350,1500,7500,750
B-26054,2,101,1350,1500,3000,300
B-26054,2,101,1350,1500,3000,300
B-26054,3,102,1000,1300,3900,900
B-26054,3,101,1350,1500,4500,450
B-26054,5,101,1350,1500,7500,750
B-26054,3,101,1350,1500,4500,450
B-26054,2,102,1000,1300,2600,600
B-26055,5,101,1350,1500,7500,750
B-26055,14,100,900,1000,14000,1400
B-26055,2,101,1350,1500,3000,300
B-26055,14,101,1350,1500,21000,2100
B-26055,2,102,1000,1300,2600,600
B-26055,1,101,1350,1500,1500,150
B-26055,8,100,900,1000,8000,800
B-26055,9,102,1000,1300,11700,2700
B-26055,2,101,1350,1500,3000,300
B-26056,3,101,1350,1500,4500,450
B-26056,7,101,1350,1500,10500,1050
B-26056,2,101,1350,1500,3000,300
B-26056,2,101,1350,1500,3000,300
B-26056,6,102,1000,1300,7800,1800
B-26056,2,101,1350,1500,3000,300
B-26056,2,101,1350,1500,3000,300
B-26056,2,101,1350,1500,3000,300
B-26056,2,102,1000,1300,2600,600
B-26056,3,100,900,1000,3000,300
B-26056,4,101,1350,1500,6000,600
B-26056,4,101,1350,1500,6000,600
B-26057,5,102,1000,1300,6500,1500
B-26057,4,101,1350,1500,6000,600
B-26057,2,100,900,1000,2000,200
B-26057,3,101,1350,1500,4500,450
B-26058,7,101,1350,1500,10500,1050
B-26059,1,101,1350,1500,1500,150
B-26060,3,101,1350,1500,4500,450
B-26061,2,102,1000,1300,2600,600
B-26061,3,102,1000,1300,3900,900
B-26061,1,102,1000,1300,1300,300
B-26061,5,101,1350,1500,7500,750
B-26061,2,101,1350,1500,3000,300
B-26061,2,101,1350,1500,3000,300
B-26062,3,101,1350,1500,4500,450
B-26062,2,101,1350,1500,3000,300
B-26062,1,101,1350,1500,1500,150
B-26063,4,102,1000,1300,5200,1200
B-26064,5,101,1350,1500,7500,750
B-26064,4,101,1350,1500,6000,600
B-26064,6,101,1350,1500,9000,900
B-26064,2,101,1350,1500,3000,300
B-26065,5,101,1350,1500,7500,750
B-26066,2,101,1350,1500,3000,300
B-26067,4,100,900,1000,4000,400
B-26067,4,101,1350,1500,6000,600
B-26067,6,101,1350,1500,9000,900
B-26067,7,102,1000,1300,9100,2100
B-26067,4,101,1350,1500,6000,600
B-26068,5,102,1000,1300,6500,1500
B-26069,2,101,1350,1500,3000,300
B-26070,4,101,1350,1500,6000,600
B-26070,5,100,900,1000,5000,500
B-26070,1,101,1350,1500,1500,150
B-26070,2,101,1350,1500,3000,300
B-26071,3,101,1350,1500,4500,450
B-26072,3,102,1000,1300,3900,900
B-26073,3,101,1350,1500,4500,450
B-26073,9,101,1350,1500,13500,1350
B-26073,4,101,1350,1500,6000,600
B-26073,3,101,1350,1500,4500,450
B-26073,4,102,1000,1300,5200,1200
B-26074,4,101,1350,1500,6000,600
B-26075,2,101,1350,1500,3000,300
B-26076,2,101,1350,1500,3000,300
B-26076,5,101,1350,1500,7500,750
B-26076,2,101,1350,1500,3000,300
B-26076,2,101,1350,1500,3000,300
B-26076,4,100,900,1000,4000,400
B-26077,7,101,1350,1500,10500,1050
B-26078,2,101,1350,1500,3000,300
B-26078,2,101,1350,1500,3000,300
B-26078,2,102,1000,1300,2600,600
B-26078,3,101,1350,1500,4500,450
B-26079,2,101,1350,1500,3000,300
B-26080,6,101,1350,1500,9000,900
B-26081,5,100,900,1000,5000,500
B-26081,3,101,1350,1500,4500,450
B-26081,3,102,1000,1300,3900,900
B-26081,4,101,1350,1500,6000,600
B-26081,3,101,1350,1500,4500,450
B-26081,5,101,1350,1500,7500,750
B-26082,2,101,1350,1500,3000,300
B-26083,3,101,1350,1500,4500,450
B-26083,3,101,1350,1500,4500,450
B-26083,3,101,1350,1500,4500,450
B-26083,2,102,1000,1300,2600,600
B-26083,1,102,1000,1300,1300,300
B-26084,4,102,1000,1300,5200,1200
B-26085,2,101,1350,1500,3000,300
B-26085,3,101,1350,1500,4500,450
B-26085,2,101,1350,1500,3000,300
B-26085,3,101,1350,1500,4500,450
B-26086,2,101,1350,1500,3000,300
B-26086,6,102,1000,1300,7800,1800
B-26086,2,101,1350,1500,3000,300
B-26087,7,101,1350,1500,10500,1050
B-26087,3,101,1350,1500,4500,450
B-26087,1,102,1000,1300,1300,300
B-26087,2,101,1350,1500,3000,300
B-26087,8,101,1350,1500,12000,1200
B-26088,2,101,1350,1500,3000,300
B-26089,6,101,1350,1500,9000,900
B-26089,1,101,1350,1500,1500,150
B-26089,3,101,1350,1500,4500,450
B-26090,3,101,1350,1500,4500,450
B-26091,3,101,1350,1500,4500,450
B-26091,4,101,1350,1500,6000,600
B-26091,4,101,1350,1500,6000,600
B-26092,2,101,1350,1500,3000,300
B-26093,1,101,1350,1500,1500,150
B-26093,8,102,1000,1300,10400,2400
B-26093,5,100,900,1000,5000,500
B-26093,2,102,1000,1300,2600,600
B-26093,5,101,1350,1500,7500,750
B-26093,4,101,1350,1500,6000,600
B-26093,3,101,1350,1500,4500,450
B-26094,6,101,1350,1500,9000,900
B-26095,1,101,1350,1500,1500,150
B-26096,3,101,1350,1500,4500,450
B-26096,2,101,1350,1500,3000,300
B-26096,4,101,1350,1500,6000,600
B-26096,3,102,1000,1300,3900,900
B-26096,3,102,1000,1300,3900,900
B-26096,3,101,1350,1500,4500,450
B-26097,2,101,1350,1500,3000,300
B-26097,1,101,1350,1500,1500,150
B-26097,2,101,1350,1500,3000,300
B-26097,2,101,1350,1500,3000,300
B-26097,6,100,900,1000,6000,600
B-26097,5,102,1000,1300,6500,1500
B-26097,5,102,1000,1300,6500,1500
B-26098,3,102,1000,1300,3900,900
B-26098,3,100,900,1000,3000,300
B-26098,5,101,1350,1500,7500,750
B-26098,3,101,1350,1500,4500,450
B-26098,2,101,1350,1500,3000,300
B-26098,5,101,1350,1500,7500,750
B-26099,1,101,1350,1500,1500,150
B-26099,4,101,1350,1500,6000,600
B-26099,5,102,1000,1300,6500,1500
B-26099,5,101,1350,1500,7500,750
B-26100,2,100,900,1000,2000,200
B-26100,2,101,1350,1500,3000,300
B-26100,2,101,1350,1500,3000,300
